surname,firstname,company_name,lnpay
Abrahams,Mark,FENNER,12.727358
Adair,Robert,MELROSE RESOURCES PLC,12.473216
Adams,Aubrey,SAVILLS PLC,13.176295
Adams,Kevin,INTEC TELECOM SYSTEMS,12.905589
Adams,Paul,BRITISH AMERICAN TOBACCO PLC,14.764245
Adderley,William,DUNELM GROUP PLC,13.138083
Adriano,Dino Baia,SAINSBURY(J) PLC,12.86538
Agarwal,Anil,VEDANTA RESOURCES PLC,14.175934
Agnew,Ian,WELLINGTON UNDERWRITING,12.733182
Ahmed,Javed,TATE & LYLE PLC,14.7079
Ahrendts,Angela,BURBERRY GROUP,15.269588
Akin,Steve,COLT GROUP,13.177749
Albanese,Thomas,RIO TINTO,15.041298
Albanese,Thomas,VEDANTA RESOURCES PLC,14.516107
Aldridge,Rodney,CAPITA GROUP,13.729242
Alexander,William,THAMES WATER PLC,12.798206
Allan,John,EXEL,13.965237
Allan,Mark,UNITE GROUP PLC,13.27132
Allan,William,THUS GROUP,12.842902
Allen,Charles,ITV PLC,14.281698
Allen,Gary,IMI PLC,12.579468
Allen,Mark,DAIRY CREST GROUP PLC,13.536562
Alliance of Manchester,David,COATS PLC,11.141862
Allner,Andrew,ENODIS,13.271578
Almanza,Ashley,G4S PLC,14.826803
Alvidrez,Octavio,FRESNILLO PLC,13.083158
Anand,Rooney,GREENE KING PLC,13.73631
Anderson,Nick,SPIRAX-SARCO ENGINEERING PLC,13.365062
Anderson,Paul,BHP BILLITON PLC,14.15206
Ando,Goran,CELLTECH GROUP,14.405856
Andrews,David,XCHANGING PLC,13.702369
Applegarth,Adam,NORTHERN ROCK PLC,13.895186
Aramburu,Miguel,HOCHSCHILD MINING PLC,13.13978
Armitage,Matt,ST IVES,13.369076
Arnold,Luqman,ABBEY NATIONAL PLC,14.302257
Arnott,Ian Macpherson,LAIRD PLC,12.99057
Asfari,Ayman,PETROFAC LTD,14.140796
Ashley,Michael,HARVARD INTERNATIONAL PLC,12.654298
Ashton,Michael,SKYEPHARMA,13.467371
Ashton,Robin,PROVIDENT FINANCIAL PLC,13.306992
Aspinwall,Christopher,FIDESSA GROUP PLC,13.523358
Atkins,David,HAMMERSON PLC,14.045181
Atkinson,Justin,KELLER GROUP PLC,13.035152
Atkinson,Richard,HOLIDAYBREAK PLC,12.390042
Atkinson,Todd,DELTA,13.335879
Attwood,Thomas,INTERMEDIATE CAPITAL GROUP PLC,14.433748
Averill,Michael,SHANKS GROUP,13.033666
Avery,Julian,WELLINGTON UNDERWRITING,13.12079
Ayling,Robert,BRITISH AIRWAYS PLC,13.469837
Aylwin,Mark,BOOKER GROUP PLC,12.938253
Ayres,Ted,BELLWAY PLC,13.781122
Back,Steve,SOMERFIELD,12.911404
Bailey,Christopher,BURBERRY GROUP,15.895523
Bailey,Harold William,ASSOCIATED BRITISH FOODS PLC,11.613783
Bailey,Michael John,COMPASS GROUP PLC,14.280317
Bailey,Sly,TRINITY MIRROR PLC,14.125411
Bain,Laurence,PREMIER FARNELL PLC,13.67172
Baker,Richard,ALLIANCE BOOTS,13.549036
Baldwin,Nicholas,POWERGEN,13.043211
Balfour,Michael,FITNESS FIRST,12.426659
Ball,Tony,BRITISH SKY BROADCASTING GROUP PLC (BSKYB),14.739028
Ballinger,Martin,GO-AHEAD GROUP PLC,12.48875
Banks,Charles,WOLSELEY PLC,14.390736
Barber,Martin,CAPITAL & REGIONAL,12.998741
Barden,Stefan,NORTHERN FOODS PLC,13.27994
Barel,Thierry,PHOTO-ME INTERNATIONAL,11.958772
Barr,William,BARR(A.G.),11.487762
Barrett,Matthew,BARCLAYS PLC,15.584698
Barton,Robert,JARDINE LLOYD THOMPSON GROUP PLC,12.104422
Batchelor,Lance,DOMINO'S PIZZA UK & IRL PLC,13.416527
Bateman,Paul,WINCANTON PLC,13.230601
Bazin,Pascal,AVIS EUROPE,13.864488
Beardsall,Alastair,EMERALD ENERGY,12.431087
Beazley,Andrew,BEAZLEY GROUP PLC,13.673836
Becht,Bart,RECKITT BENCKISER GROUP PLC,15.711915
Beeston,Kevin,SERCO GROUP PLC,13.58704
Beeston,Robert,FKI,13.520656
Bell,Christopher,LADBROKES PLC,13.822332
Bell,Howard James,PROVIDENT FINANCIAL PLC,12.935816
Bellamy,Adrian,BODY SHOP INTERNATIONAL,11.295523
Bellamy,David,ST. JAMES'S PLACE PLC,13.415472
Bennett,David,ALLIANCE & LEICESTER,13.593258
Benson,Terence William,MICHAEL PAGE INTERNATIONAL PLC,13.80153
Beresford,Marcus,GKN PLC,13.38851
Bernard,Ralph Mitchell,GCAP MEDIA,13.89789
Bernard,Ralph Mitchell,GWR GROUP,13.275247
Bernerd,Elliott,CHELSFIELD,13.478197
Berruyer,Guy,SAGE GROUP PLC,14.525051
Bester,Barry,TOPPS TILES,11.976427
Bettington,Martin,BIFFA PLC,13.850554
Beurden,Jozef (Joep),CSR PLC,13.869265
Bhasin,Rakesh,COLT GROUP,14.318064
Bickell,Brian,SHAFTESBURY PLC,13.550317
Billingham,Stephen,PUNCH TAVERNS,12.49931
Birch,Henry,RANK GROUP,13.237253
Bish-Jones,Trevor,WOOLWORTHS GROUP PLC,13.769608
Bitar,Karim,GENUS PLC,14.059109
Black,Stuart,MEARS GROUP,11.487583
Bland,Francis,BT GROUP PLC,13.256813
Blogh,Julian,ULTRA ELECTRONICS HLDGS PLC,12.734435
Bloomer,Jonathan,PRUDENTIAL PLC,13.948039
Blyth of Rowington,James,ALLIANCE BOOTS,13.252619
Bohoun,Olivier,SMITH & NEPHEW PLC,14.893998
Boissonneault,Roger M,WARNER CHILCOTT PLC,13.255948
Bolland,Marc,MARKS & SPENCER,15.081804
Bolland,Marc,MORRISON(WM.)SUPERMARKETS PLC,14.105204
Bond,John,HSBC HLDGS,14.732632
Bond,Kevin,KELDA GROUP,11.712864
Bond,Nigel,DOMINO PRINTING SCIENCES PLC,13.152239
Bonfield,Peter,BT GROUP PLC,14.600164
Booty,Stephen,NESTOR HEALTHCARE GROUP,12.735097
Borjesson,Rolf,REXAM PLC,14.140848
Born,Eric,WINCANTON PLC,13.796412
Bottjer,Michael Colin,INTERSERVE PLC,13.359483
Bowdler,Timothy,JOHNSTON PRESS PLC,13.587293
Bowker,Richard,NATIONAL EXPRESS GROUP PLC,13.553545
Bowman,Philip,ALLIED DOMECQ,14.397737
Bowman,Philip,SCOTTISH POWER,13.507078
Bowman,Philip,SMITHS GROUP PLC,14.751593
Brant,Dennis George,WIMPEY(GEORGE),12.938382
Bravo,Rose,BURBERRY GROUP,14.526942
Brayson,W Richard,WYG PLC,11.773703
Breedon,Timothy,LEGAL & GENERAL GROUP PLC,14.076071
Breithaupt,Danny,RESTAURANT GROUP PLC,13.14467
Brennan,David,ASTRAZENECA PLC,15.10309
Brewer,Anthony,HEADLAM GROUP,13.593392
Bridge,Timothy,GREENE KING PLC,12.879968
Brikho,Samir,AMEC FOSTER WHEELER PLC,14.810466
Brooke,Russell,GOSHAWK INSURANCE HLDGS,12.659929
Brookes,Nicholas,SPIRENT COMMUNICATIONS PLC,13.679743
Brooks,Keith Michael,TBI,13.648135
Broughton,Martin,BRITISH AMERICAN TOBACCO PLC,14.325657
Browett,John,DIXONS RETAIL PLC,14.202431
Brown,Alan,RENTOKIL INITIAL PLC,14.385375
Brown,David,GO-AHEAD GROUP PLC,13.668787
Brown,John,ACAMBIS,13.192155
Brown,John,SPEEDY HIRE,12.860751
Browne of Madingley,Edmund,BP PLC,15.469961
Buchan,Brian,SSL INTERNATIONAL PLC,13.194686
Buchan,Jamie,SOUTHERN CROSS HEALTHCARE GROUP PLC,13.679736
Buckland,Ross,UNIQ,13.734672
Buckles,Nicholas,G4S PLC,14.302403
Buckley,Peter,CALEDONIA INVESTMENTS,13.057627
Budge,Richard J,COALFIELD RESOURCES PLC,13.222793
Buhlman,Jerry,AEGIS GROUP,14.231428
Bull,Chris,MCBRIDE PLC,12.893567
Bungey,Michael,CORDIANT COMMUNICATIONS GROUP,13.680824
Burke,Dominic,JARDINE LLOYD THOMPSON GROUP PLC,14.490023
Burke,Ian,RANK GROUP,13.921962
Burke,Ian,THISTLE HOTELS,12.982708
Burman,Terry Lee,SIGNET GROUP,14.565805
Burnett,Christopher Thomas,MARSHALLS,12.383173
Burnett,George,ASHTEAD GROUP PLC,13.428212
Burns,John,DERWENT LONDON PLC,13.720908
Burns,Michael,RENSBURG SHEPPARDS PLC,12.744765
Burns,William,SPIRENT COMMUNICATIONS PLC,13.525466
Burrows,Simon,3I GROUP PLC,14.907116
Busby,Colin R W,KIER GROUP PLC,12.738947
Bustamante,Ignacio,HOCHSCHILD MINING PLC,13.842972
Butler-Wheelhouse,Keith,SMITHS GROUP PLC,14.054217
Butts,Thomas,OPTOS PLC,12.726611
Cadbury,Nicholas,CADBURY PLC,13.117487
Cain,Steven,CARLTON COMMUNICATIONS,12.913105
Callcutt,John,CREST NICHOLSON,13.14267
Calver,Simon,MOTHERCARE PLC,14.05508
Cameron,Gordon,ACAMBIS,12.962626
Campbell,David,BRITISH VITA,12.58231
Campbell,Gordon,BABCOCK INTERNATIONAL GROUP,12.925039
Carroll,Cynthia,ANGLO AMERICAN,15.393042
Carson,Neil,JOHNSON MATTHEY,13.870194
Carter,John,TRAVIS PERKINS PLC,14.238895
Carter,Kenneth Alan,JARDINE LLOYD THOMPSON GROUP PLC,13.219142
Carter,Stephen,INFORMA PLC,12.506244
Cassin,Brian,EXPERIAN PLC,14.709104
Castell,William,AMERSHAM,13.619421
Caster,Douglas,ULTRA ELECTRONICS HLDGS PLC,12.737908
Cater,Iain Charles Douglas,SSL INTERNATIONAL PLC,12.903843
Cathcart,William,AVIS EUROPE,12.415028
Cavanagh,Jane,EIDOS PLC,12.511392
Cescau,Patrick,UNILEVER PLC,14.232546
Cha,Yong Keu,KAZ MINERALS PLC,13.984249
Chadlington,Peter,HUNTSWORTH,13.47122
Chambers,Stuart,PILKINGTON,13.211806
Chambre,Peter,CAMBRIDGE ANTIBODY TECHNOLOGY GROUP,13.329171
Chapman,Frank,BG GROUP PLC,14.951035
Chapman,Gordon,WELLSTREAM HOLDINGS PLC,13.531092
Chapman,Keith,FINDEL,13.220542
Charlier,Jean-Yves,COLT GROUP,13.389663
Cheshire,Ian,KINGFISHER PLC,13.96548
Chinn,Trevor,RAC PLC,12.01052
Chipchase,Graham,REXAM PLC,14.18773
Chisholm,John,QINETIQ GROUP PLC,12.941617
Chisholm,Paul William,COLT GROUP,12.66165
Chiswell,David John,CAMBRIDGE ANTIBODY TECHNOLOGY GROUP,12.422581
Chow,Chung,BRAMBLES INDUSTRIES PLC,14.150608
Chow,Chung,GKN PLC,13.489321
Clare,John,DIXONS RETAIL PLC,13.953188
Clare,Mark,BARRATT DEVELOPMENTS PLC,14.275592
Clark,Alan,SABMILLER PLC,15.287097
Clark,Christopher,JOHNSON MATTHEY,13.607771
Clarke,Keith,ATKINS(WS),13.518952
Clarke,Michael,PREMIER FOODS PLC,13.476107
Clarke,Peter,MAN GROUP,14.804367
Clarke,Philip,TESCO PLC,14.524529
Clarke,Stanley William,ST. MODWEN PROPERTIES,12.087448
Clarke,Stephen,WH SMITH PLC,13.920075
Clarke,Timothy,MITCHELLS & BUTLERS PLC,14.078267
Clasper,Mike,BAA,13.906059
Clements,Russell,STHREE PLC,13.256981
Clifford,Nigel,MICRO FOCUS INTERNATIONAL LTD,12.923912
Clifford,Richard,RIO TINTO,14.448189
Clough,John,EAGA PLC,13.501626
Cobbold,Tim,CHLORIDE GROUP PLC,13.300123
Cobbold,Tim,DE LA RUE,13.458797
Cochrane,Keith,STAGECOACH GROUP PLC,13.378019
Cochrane,Keith,WEIR GROUP,14.105556
Cocker,Victor,SEVERN TRENT PLC,12.586759
Coffey,Martyn,MARSHALLS,13.595594
Cohen,Peter James,PHS GROUP,12.413057
Colao,Vittorio,VODAFONE GROUP PLC,15.146995
Cole,Lyndon E,ELEMENTIS PLC,12.788562
Coleman,John,HOLIDAYBREAK PLC,11.97442
Colvin,William,NHP,13.012548
Colvin,William,SOUTHERN CROSS HEALTHCARE GROUP PLC,11.250434
Condella,Frank,SKYEPHARMA,12.312591
Condron,John,HIBU,14.543756
Conoley,John,PSION,13.05192
Contreras,Robert,NORTHGATE,13.481758
Cook,Allan,COBHAM PLC,14.020803
Coombs,Mark,ASHMORE GROUP PLC,14.880131
Cooper,Alison,IMPERIAL TOBACCO GROUP PLC,14.270662
Cooper,Geoffrey,TRAVIS PERKINS PLC,14.033226
Corbett,Gerald,WOOLWORTHS GROUP PLC,12.143494
Corcoran,Steve,SPEEDY HIRE,12.964457
Cosslett,Andrew,INTERCONTINENTAL HOTELS PLC,14.534106
Coull,Ian,SEGRO PLC,13.840173
Coupe,Mike,SAINSBURY(J) PLC,14.536792
Courtauld,Toby,GREAT PORTLAND ESTATES,14.086356
Cousins,Richard,BPB,13.423599
Cousins,Richard,COMPASS GROUP PLC,14.731634
Coutts,Graeme,EXPRO INTERNATIONAL GROUP,12.872507
Cowling,Anthony,TAYLOR NELSON SOFRES,12.733123
Cox,Alistair,HAYS PLC,14.471189
Cox,Alistair,XANSA,13.408295
Cox,Jonson,AWG PLC,13.635924
Cox,Jonson,COALFIELD RESOURCES PLC,12.633542
Cox,Philip,INTERNATIONAL POWER PLC,13.95068
Coxell,Graham Peter,MARLBOROUGH STIRLING,12.484813
Crabb,Ian,LSL PROPERTY SERVICES PLC,13.136036
Cran,John,CATTLES PLC,12.841744
Crawford,Alistair,PSION,13.581907
Crawshaw,Steven,BRADFORD & BINGLEY,13.59816
Criado-Perez,Carlos,SAFEWAY PLC,13.688353
Crombie,Alexander,STANDARD LIFE PLC,14.243751
Crook,Peter,PROVIDENT FINANCIAL PLC,14.360488
Cropper,Hilary,XANSA,12.786881
Cross,Thomas,DANA PETROLEUM PLC,13.998498
Crouch,Adam,CRANSWICK,13.975805
Crozier,Adam,ITV PLC,14.80102
Cryne,Patrick,ISOFT GROUP,13.262983
Cunningham,Andrew,GRAINGER PLC,13.458066
Cunningham,Kenneth,SKYEPHARMA,13.078074
Curry,David W,MELROSE RESOURCES PLC,12.077671
Cushing,Philip Edward,INCHCAPE PLC,13.541178
Cuthbert,John,NORTHUMBRIAN WATER GROUP PLC,12.994967
Cuthbert,Richard,MOUCHEL GROUP PLC,12.948841
Cutifani,Mark,ANGLO AMERICAN,15.435612
Daniels,Eric,LLOYDS BANKING GROUP PLC,14.413029
Darby,Alistair,MITCHELLS & BUTLERS PLC,13.982327
Darby,Gavin,PREMIER FOODS PLC,14.537653
Darrington,Michael,GREGGS PLC,12.885415
Darroch,Jeremy,BRITISH SKY BROADCASTING GROUP PLC (BSKYB),15.129058
Darwazah,Said,HIKMA PHARMACEUTICALS PLC,13.992292
Darwazah,Samih,HIKMA PHARMACEUTICALS PLC,12.433293
Davey,Martin,CRANSWICK,13.392901
Davidson,Duncan Henry,PERSIMMON PLC,13.408521
Davidson,Richard,ARLA FOODS UK PLC,13.334928
Davies,Christopher,SIG PLC,13.470576
Davies,Evan,STANDARD CHARTERED PLC,14.465597
Davies,Martin,HOLIDAYBREAK PLC,12.427805
Davies,Matt,HALFORDS GROUP PLC,14.095819
Davies,Paul,JKX OIL & GAS,13.229278
Davies,Robert,ARRIVA PLC,13.313785
Davis,Crispin,REED ELSEVIER PLC,14.838537
Davis,Gareth,IMPERIAL TOBACCO GROUP PLC,14.451261
Davis,Leon,RIO TINTO,13.041748
Davis,Michael,XSTRATA PLC,15.126649
Davis,Peter,PRUDENTIAL PLC,12.754148
Davis,Peter,SAINSBURY(J) PLC,14.29238
Davis,Roy,GYRUS GROUP,13.210637
Davis,Roy,OPTOS PLC,13.218798
Dawe,Howard,BELLWAY PLC,13.173497
Dawson,Brett,DIMENSION DATA HOLDINGS PLC,13.660544
Dawson,John Hennessy,EXPRO INTERNATIONAL GROUP,12.721484
Dawson,Michael,GOSHAWK INSURANCE HLDGS,12.088129
Day,Colin,ESSENTRA PLC,14.398776
Dench,Robert,PARAGON GROUP OF COMPANIES,12.184001
Dermody,Paul,DE VERE GROUP,12.84191
Devaney,John,NATIONAL EXPRESS GROUP PLC,12.434314
Diamond,Bob,BARCLAYS PLC,15.623669
Dickens,Roger Joseph,ISOFT GROUP,12.814178
Dickinson,Rupert,GRAINGER PLC,13.239196
Dilnot,Peter,SHANKS GROUP,13.690324
Dingwall,Bruce,VENTURE PRODUCTION PLC,12.165516
Dixon,Mark,REGUS GROUP,13.26882
Dobson,Michael,SCHRODERS PLC,15.122288
Dobson,Thomas,KELLER GROUP PLC,12.344881
Dodds,John,KIER GROUP PLC,12.933521
Donohue,Martin Charles,WESTBURY,13.08887
Dorrity,Iain,PV CRYSTALOX SOLAR PLC,12.7349
Douetil,Dane,BRIT INSURANCE HOLDINGS PLC,13.232028
Dougal,Andrew,HANSON,13.031951
Douglas,Simon,LUMINAR GROUP HLDGS PLC,13.167408
Dowdall,Michael,DAIRY CREST GROUP PLC,11.684484
Drabble,Geoffrey,ASHTEAD GROUP PLC,13.940907
Drayson,Paul,POWDERJECT PHARMACEUTICALS,12.983397
Drury,Tom,SHANKS GROUP,13.192486
Duddy,Terry,HOME RETAIL GROUP PLC,14.444747
Dudley,Robert,BP PLC,15.09562
Duffy,Simon,TRADUS PLC,12.683681
Durante,Nicandro,BRITISH AMERICAN TOBACCO PLC,15.336624
Durrant,Tony,PREMIER OIL PLC,13.862206
Dutro,David,ELEMENTIS PLC,13.798264
Dye,Iain,BERENDSEN PLC,13.019769
Dye,William,ITE GROUP PLC,12.392262
Dyer,Howard Paul,NEW LOOK GROUP,11.98182
Dyson,Ian,PUNCH TAVERNS,11.623773
Dyson,John,PACE PLC,13.095518
Earl,Belinda,DEBENHAMS (OLD),12.730203
East,David,ARM HLDGS PLC,13.33825
Eaton,Frank,BARRATT DEVELOPMENTS PLC,13.286517
Eaton,Geoffrey,UNIQ,13.295661
Eckert,Neil,BRIT INSURANCE HOLDINGS PLC,12.968497
Eddington,Roderick,BRITISH AIRWAYS PLC,13.62095
Edelman,Keith,MOTHERCARE PLC,12.178711
Edmunds,Wayne,INVENSYS PLC,14.408716
Edwards,Brian,ST IVES,12.435592
Edwards,Charles,MANCHESTER UNITED,12.759096
Egan,John,BAA,13.203931
Egerton,Keith Robert,TAYLOR WIMPEY,12.192051
Elden,Gary,STHREE PLC,13.601182
Eldridge,Ian,PIZZAEXPRESS PLC,12.209106
Ellert,Richard John,NHP,12.617746
Elliott,Mark,WEMBLEY,12.477239
Elliott,Steve,RENSBURG SHEPPARDS PLC,13.111741
Ellis,Nigel,QUINTAIN ESTATES & DEVELOPMENT,12.33298
Ellwood,Peter,LLOYDS BANKING GROUP PLC,13.673626
Embley,Simon,LSL PROPERTY SERVICES PLC,12.819506
Emilson,Lars,REXAM PLC,13.386408
Emley,Miles,ST IVES,12.693931
Emmens,Matthew,SHIRE PLC,14.158241
Engelhardt,Henry,ADMIRAL GROUP PLC,12.604641
England,Neil,ALBERT FISHER GROUP PLC,10.691945
Engstrom,Erik,REED ELSEVIER PLC,14.931605
Entwistle,Richard,JARVIS,12.559339
Ermolenko,Sergey,PETROPAVLOVSK,12.583872
Erskine,Peter,O2,14.347281
Evain,Christophe,INTERMEDIATE CAPITAL GROUP PLC,14.655343
Evans,David,CHEMRING GROUP PLC,12.087128
Evans,Gary Brian,DECHRA PHARMACEUTICALS,11.596465
Evans,Huw,MARLBOROUGH STIRLING,12.432399
Evans,Richard,BAE SYSTEMS PLC,13.279598
Evans,Simon,DECHRA PHARMACEUTICALS,12.474278
Ewer,Adrian,LAING(JOHN),12.81712
Fagan,Christopher,GOSHAWK INSURANCE HLDGS,12.453914
Fairburn,Jeff,PERSIMMON PLC,14.978481
Fallen,Malcolm,KCOM GROUP,13.0391
Fallon,John,PEARSON,14.42077
Fallon,Padraic,EUROMONEY INSTITUTIONAL INVESTOR,14.870753
Falque-Pierrotin,Thierry,DARTY,13.911345
Farley,Michael,PERSIMMON PLC,14.197655
Farmer,Ian,LONMIN PLC,13.363273
Fellner,Peter,CELLTECH GROUP,13.420325
Ferguson,Iain,TATE & LYLE PLC,14.22789
Finch,Dean,NATIONAL EXPRESS GROUP PLC,14.471728
Findlay,Ralph,MARSTON'S PLC,13.224534
Findler,Jonathan P,CHUBB PLC,13.17963
Fink,Stanley,MAN GROUP,15.282647
Finlayson,Chris,BG GROUP PLC,14.420046
Finn,Leo,NORTHERN ROCK PLC,12.654135
Finn,Trevor,PENDRAGON,13.807916
Fischel,David,INTU PLC,13.779602
FitzGerald,Niall,UNILEVER PLC,14.231909
Flanagan,Andrew,STV GROUP PLC,13.465445
Flint,Douglas,HSBC HLDGS,14.301193
Flower,Martin,COATS PLC,12.810934
Flowers,Michael,CHEMRING GROUP PLC,13.066766
Flynn,Douglas,AEGIS GROUP,14.008578
Flynn,Douglas,RENTOKIL INITIAL PLC,14.015251
Fontenla-Novoa,Manny,THOMAS COOK GROUP PLC,15.005945
Foots,Steve,CRODA INTERNATIONAL,13.831668
Forbes,James,SSE,13.176539
Forbes,Scott,RIGHTMOVE,12.082863
Fordham,Christopher,EUROMONEY INSTITUTIONAL INVESTOR,13.757297
Formica,Andrew James,HENDERSON GROUP PLC,14.822323
Forrester,William,LAING(JOHN),12.359585
Forrester,William,SIG PLC,13.068866
Forsey,David,SPORTS DIRECT INTERNATIONAL PLC,12.769007
Fosh,Matthew,NOVAE GROUP,13.642031
Foster,Michael,CHARTER,13.646029
Fowle,Adam,MITCHELLS & BUTLERS PLC,13.428169
Fox,Kenneth,SPEEDY HIRE,12.63626
Fox,Simon,HMV GROUP PLC,13.928964
Fox,Simon,TRINITY MIRROR PLC,13.625203
France,Peter,ROTORK PLC,13.372904
Franklin,Roy,PALADIN RESOURCES,13.016057
Frayne,Michael,INTEC TELECOM SYSTEMS,12.206742
Freshwater,Benzion,DAEJAN HOLDINGS PLC,13.21564
Friend,Andrew,LAING(JOHN),13.068515
Froggatt,Anthony,SCOTTISH & NEWCASTLE PLC,14.283821
Frost,Ronnie,HAYS PLC,13.097549
Fry,John,JOHNSTON PRESS PLC,14.061617
Fuller,H Laurance,BP PLC,12.912757
Furlong,Percival,MERSEY DOCKS & HARBOUR CO,12.239552
Furse,Clara,LONDON STOCK EXCHANGE,13.679412
Gammell,Andrew,GOSHAWK INSURANCE HLDGS,12.397915
Gammell,William,CAIRN ENERGY PLC,14.022359
Gardner,Douglas,BRIXTON PLC,12.198516
Gardner,Roy,CENTRICA PLC,14.220661
Garfield,Olivia,SEVERN TRENT PLC,14.789105
Garland,Ian,ACAMBIS,13.389892
Garnier,Jean-Pierre,GLAXOSMITHKLINE PLC,14.924086
Garrard,David,MINERVA,13.227025
Gasparini,Robert,CHUBB PLC,13.745282
Gawler,David,CHARTER,13.144109
Gaydon,Neil,PACE PLC,13.327674
Gaywood,Geoff,ELEMENTIS PLC,12.811008
Gent,Charles,VODAFONE GROUP PLC,15.126063
Geoghegan,Michael,HSBC HLDGS,14.998309
George,Peter Michael,LADBROKES PLC,13.391302
Gershon,Peter,PREMIER FARNELL PLC,11.777648
Gibson,James,BIG YELLOW GROUP PLC,12.926993
Gilbert,Martin,ABERDEEN ASSET MANAGEMENT PLC,14.28173
Gilbertson,Brian,BHP BILLITON PLC,13.941105
Gilbertson,David,INFORMA PLC,13.358281
Giles,Alan,HMV GROUP PLC,13.602168
Gill,David,MANCHESTER UNITED,13.120177
Gillam,Patrick John,STANDARD CHARTERED PLC,13.84161
Giller,Peter G,INTERNATIONAL POWER PLC,12.642069
Gleeson,Dermot,GLEESON(M.J.)GROUP,11.91852
Glossop,Charles,ST. MODWEN PROPERTIES,12.839265
Glynn,Richard,LADBROKES PLC,14.335953
Goodwin,Frederick,ROYAL BANK OF SCOTLAND GROUP PLC,14.802174
Goodyear,Charles,BHP BILLITON PLC,14.590716
Gordon,Ben,MOTHERCARE PLC,13.764561
Gorham,Ian,HARGREAVES LANSDOWN PLC,13.849912
Gounon,Jacques,EUROTUNNEL PLC,11.986694
Gournay,Patrick P,BODY SHOP INTERNATIONAL,13.344613
Gowers,Peter,SAFESTORE HLDGS PLC,13.343985
Gowrie-Smith,Ian,SKYEPHARMA,13.481024
Grabiner,Michael,ENERGIS,14.157111
Grade,Michael,ITV PLC,14.749703
Graf,Philip,TRINITY MIRROR PLC,13.210668
Grant,Peter,SKYEPHARMA,13.186934
Gratton,Paul,EGG,13.800896
Gray,J,AVEVA GROUP,11.264464
Green,Andy,LOGICA PLC,14.503035
Green,Anthony,PZ CUSSONS PLC,12.244116
Green,Christopher,PZ CUSSONS PLC,12.789688
Green,Derek,UNITED UTILITIES,12.944953
Green,Harriet,PREMIER FARNELL PLC,13.728737
Green,Harriet,THOMAS COOK GROUP PLC,14.003551
Green,Philip,UNITED UTILITIES,14.144985
Green,Stephen,HSBC HLDGS,14.403479
Greener,Anthony,DIAGEO PLC,13.670078
Greenhalgh,Donald,SPEEDY HIRE,11.91839
Gregson,Charles,ICAP,12.679261
Grice,Ian,MCALPINE(ALFRED),12.720133
Griffiths,Martin,STAGECOACH GROUP PLC,13.988481
Griffiths,Richard,EVOLUTION GROUP,14.132317
Grigg,Chris,BRITISH LAND CO PLC,14.975396
Grimsey,William,BIG FOOD GROUP,13.68737
Gulliver,Stuart,HSBC HLDGS,15.611513
Gupta,Atul,BURREN ENERGY PLC,12.809476
Gurr,Douglas,BOOKER GROUP PLC,11.746771
Gustafsson,Anders,SPIRENT COMMUNICATIONS PLC,13.162331
Guy,Andrew,RESTAURANT GROUP PLC,12.567502
Habgood,Anthony,BUNZL PLC,14.309881
Halbert,William,KCOM GROUP,13.086503
Hall,John,BREWIN DOLPHIN HLDGS,12.353086
Hall,John,DAIRY CREST GROUP PLC,13.079816
Halpern,Colin,DOMINO'S PIZZA UK & IRL PLC,12.254877
Hambro,George,ARICOM PLC,13.540487
Hambro,Peter,PETROPAVLOVSK,13.236322
Hamer,John,FIDESSA GROUP PLC,12.143833
Hamer,Paul,WYG PLC,13.159329
Hamid,David,HALFORDS GROUP PLC,12.943236
Hammond,Charles,FORTH PORTS PLC,13.110098
Hancock,John,HOWDEN JOINERY GROUP PLC,13.70831
Hand,Kevin Lawrence,EMAP,13.026717
Handley,Michael,MCBRIDE PLC,12.481606
Harding,David,WILLIAM HILL PLC,13.754073
Haren,Patrick Hugh,VIRIDIAN GROUP,13.090986
Hargreaves,John,MATALAN,12.953051
Hargreaves,Peter,HARGREAVES LANSDOWN PLC,13.84462
Harley,Ian,ABBEY NATIONAL PLC,13.344513
Harnett,John,INTERNATIONAL PERSONAL FINANCE PLC,13.30011
Harper,Mark,ESSENTRA PLC,13.702206
Harper,Michael,KIDDE,13.671055
Harpin,Richard,HOMESERVE PLC,13.810646
Harris,Daniel,HARVARD INTERNATIONAL PLC,12.593716
Harris,Jeffery,ALLIANCE UNICHEM,13.543213
Harris,John,HARVARD INTERNATIONAL PLC,12.33653
Harris,Malcolm Robert,BOVIS HOMES GROUP,13.09597
Harris,Michael J,EGG,13.566717
Harris,Stephen,BODYCOTE PLC,13.730172
Harris of Peckham,Philip Charles,CARPETRIGHT PLC,13.004992
Harrison,Andrew,EASYJET PLC,14.290612
Harrison,Andrew,RAC PLC,13.48834
Harrison,Andrew,WHITBREAD PLC,14.455843
Harrison,Jolyon,GLEESON(M.J.)GROUP,13.24597
Harrower,Philip J,AGGREKO PLC,13.16018
Hartman,Richard,MILLENNIUM & COPTHORNE HOTELS PLC,13.428531
Harvey,Ian Alexander,BTG,12.526185
Harvey,Richard,AVIVA,14.447956
Hasan,Salmaan,MINERVA,13.755447
Haslam,Gordon,LONMIN PLC,12.970261
Haste,Andrew,RSA INSURANCE GROUP PLC,14.913683
Hathorn,David,MONDI PLC,14.616966
Hauser,Wolfhart,INTERTEK GROUP PLC,14.324553
Hawkins,John,ANITE,13.10881
Haynes,Lawrie,WYG PLC,11.666439
Haythornthwaite,Richard,BLUE CIRCLE INDUSTRIES,13.280279
Haythornthwaite,Richard,INVENSYS PLC,13.688358
Hayward,Anthony,BP PLC,14.762145
Hearne,Alan,RPS GROUP PLC,13.301664
Hearne,Graham,ENTERPRISE OIL,12.041821
Heavey,Aidan,TULLOW OIL PLC,14.039017
Heiden,Paul,FKI,13.889713
Helsby,Jeremy,SAVILLS PLC,13.594696
Hemsley,Stephen,DOMINO'S PIZZA UK & IRL PLC,12.83338
Henderson,Ian,LAND SECURITIES GROUP PLC,13.440593
Henderson,James,WILLIAM HILL PLC,13.062613
Hennessy,Murray,AVIS EUROPE,13.714569
Henriksson,Ulf,INVENSYS PLC,14.767047
Hester,Stephen,BRITISH LAND CO PLC,14.368754
Hester,Stephen,ROYAL BANK OF SCOTLAND GROUP PLC,15.043997
Hester,Stephen,RSA INSURANCE GROUP PLC,14.796414
Hickey,Michael,WOLFSON MICROELECTRONICS,13.287518
Highfield,Ashley,JOHNSTON PRESS PLC,13.752851
Hill,Anthony,MICRO FOCUS INTERNATIONAL LTD,12.617748
Hill,Harry,COUNTRYWIDE PLC,13.378807
Hill,Peter,LAIRD PLC,13.851024
Hindley,Peter,DIGNITY PLC,12.799108
Hintz,B,NOVAR,13.843566
Hirsch,Glyn,CLS HLDGS,12.79899
Hirst,John,PREMIER FARNELL PLC,13.151426
Hiscox,Robert,HISCOX PLC,12.923501
Hoberman,Brent,LASTMINUTE.COM,12.011159
Hobson,Nick,FENNER,13.316061
Hochschild,Eduardo,HOCHSCHILD MINING PLC,13.210993
Hodgkinson,Keith,CHLORIDE GROUP PLC,13.198627
Hodgkinson,Michael,BAA,13.237716
Hodgson,John,CSR PLC,12.76957
Hodkinson,James,NEW LOOK GROUP,
Hodson,John,SINGER & FRIEDLANDER GROUP,13.236433
Hoerner,John Lee,ARCADIA GROUP,12.841664
Hogarty,Martin J,TOREX,11.671244
Hoggarth,Bernard,CRANSWICK,13.046005
Holden,Graham,MARSHALLS,13.332041
Hollick of Notting Hill,Clive Richard,UBM PLC,14.132318
Holliday,Steven,NATIONAL GRID,13.923783
Holmes,Roger,MARKS & SPENCER,13.597084
Holt,Chris,GLEESON(M.J.)GROUP,12.302307
Holt,Robert,MEARS GROUP,12.77704
Hooker,David,GOSHAWK INSURANCE HLDGS,12.450014
Hopkins,Jamie,WORKSPACE GROUP,12.726119
Hornsby,Claude,WOLSELEY PLC,13.944834
Horta-Osorio,Antonio,LLOYDS BANKING GROUP PLC,15.255499
Horton,Andrew,BEAZLEY GROUP PLC,13.87009
Houliston,Walter John,DAIRY CREST GROUP PLC,12.790651
Howard,Stephen,VESUVIUS PLC,13.806507
Howell,Philip,RATHBONE BROTHERS,13.663325
Howkins,Timothy,IG GROUP,13.515615
Howson,Richard,CARILLION PLC,13.885607
Hubbard,John,BODYCOTE PLC,12.751123
Hughes,John,INTEC TELECOM SYSTEMS,12.595827
Hulme,Philip,COMPUTACENTER,11.347222
Hultman,Claes A,WEMBLEY,12.159616
Hummel,David,VICTREX PLC,13.12992
Humphrey,Christopher,ANITE,13.300623
Humphrey,Michael,CRODA INTERNATIONAL,13.536856
Hunter,John,SDL,13.298848
Hunting,Richard,HUNTING,11.971153
Huntingford,Richard,CHRYSALIS PLC,13.268376
Hussey,James,DE LA RUE,12.692097
Hutchings,Gregory,TOMKINS PLC,14.354028
Hutchinson,Eric,SPIRENT COMMUNICATIONS PLC,13.23633
Hutson,John,WETHERSPOON(J.D.) PLC,12.956618
Hyde,Kevin O,JARVIS,12.377617
Hyman,Christopher,SERCO GROUP PLC,14.020229
Iacobescu,George,CANARY WHARF GROUP PLC,13.731956
Illingworth,David,SMITH & NEPHEW PLC,14.05763
Illsley,Antony,TELEWEST COMMUNICATIONS,13.05397
Ingall,Michael,RATHBONE BROTHERS,11.976515
Ingham,Stephen,MICHAEL PAGE INTERNATIONAL PLC,14.024611
Ingle,Matthew,HOWDEN JOINERY GROUP PLC,14.513345
Ingram,Timothy,CALEDONIA INVESTMENTS,13.49528
Isaac,Anthony,BOC GROUP,14.3997
Ivey,John,BERENDSEN PLC,12.818838
Jackson,Alan,RESTAURANT GROUP PLC,12.994334
Jackson,Mark,REDDE,12.841972
Jackson,Peter,ASSOCIATED BRITISH FOODS PLC,13.322066
James,Maxwell,QUINTAIN ESTATES & DEVELOPMENT,13.723395
James,Sebastian,DIXONS RETAIL PLC,13.781879
Jamieson,Charles,PREMIER OIL PLC,13.072309
Jay,Martin,VT GROUP,12.266154
Jeffries,Michael,ATKINS(WS),12.548474
Jenkins,Antony,BARCLAYS PLC,15.483804
Jewitt,Justin A S,NESTOR HEALTHCARE GROUP,12.603655
Johansen,Lars,G4S PLC,13.505798
Johnson,David,FINDEL,12.874297
Johnson,Joseph,EAGA PLC,13.186954
Johnson,Peter,INCHCAPE PLC,13.883719
Johnson,Peter,WIMPEY(GEORGE),13.712301
Jolly,Patrick,FINDEL,13.472245
Jones,Alan,BALFOUR BEATTY PLC,13.036805
Jones,David,JJB SPORTS,13.218059
Jones,David,NATIONAL GRID,13.126665
Jones,David,NEXT,13.518132
Jones,Keith,JJB SPORTS,13.881401
Jones,Peter,MERSEY DOCKS & HARBOUR CO,12.856487
Jungels,Pierre,ENTERPRISE OIL,13.464683
Kalms,Harold,DIXONS RETAIL PLC,13.883979
Kanellis,G Alex,PZ CUSSONS PLC,13.496241
Kapoor,Rakesh,RECKITT BENCKISER GROUP PLC,16.162167
Kaura,Kuldip,VEDANTA RESOURCES PLC,12.4134
Keane,William,ROBERT WISEMAN DAIRIES,12.784328
Keiller,Bob,WOOD GROUP (JOHN) PLC,13.860107
Kelly,Stephen,MICRO FOCUS INTERNATIONAL LTD,12.971034
Kennedy,John,WELLSTREAM HOLDINGS PLC,12.99467
Kent,Roderick,CLOSE BROS GROUP PLC,13.19173
Kenyon,Peter F,MANCHESTER UNITED,12.820312
Keogh,Colin,CLOSE BROS GROUP PLC,14.079719
Kim,Vladimir,KAZ MINERALS PLC,14.156785
King,Ian,BAE SYSTEMS PLC,15.155718
King,John,MATALAN,13.673095
King,John,WARNER CHILCOTT PLC,12.750915
King,Justin,SAINSBURY(J) PLC,14.594809
Kinski,Michael John,STAGECOACH GROUP PLC,12.949335
Kirkham,Graham,D.F.S.FURNITURE CO,12.925302
Kirkham,Ian,HEADLAM GROUP,12.430206
Kirkham,Mike,TAYLOR NELSON SOFRES,13.127084
Kloppers,Marius,BHP BILLITON PLC,15.223581
Klotz,Henry,CLS HLDGS,12.82986
Knight,Thomas,JJB SPORTS,12.775251
Knowlton,Warren,MORGAN ADVANCED MATERIALS PLC,13.702595
Koseff,Stephen,INVESTEC,14.377945
Kranda,Michael,OXFORD GLYCOSCIENCES,13.508345
Krueger,Uwe,ATKINS(WS),14.105625
Kuipers,Andrew,NORTHERN ROCK PLC,13.482495
Labroue,Jean-Noel,DARTY,13.832618
Lacroix,André,INCHCAPE PLC,14.673962
Laidlaw,William,CENTRICA PLC,15.040914
Laidlaw,William,ENTERPRISE OIL,13.955299
Laing,John,LAING(JOHN),12.970365
Lamb,Martin,IMI PLC,14.097214
Lambert,Stephen David,PUNCH TAVERNS,12.686953
Lancaster,Mark Jonathan,SDL,13.178362
Lane,Jonathan,SHAFTESBURY PLC,13.368128
Langlands,Allister,WOOD GROUP (JOHN) PLC,13.271916
Lansdown,Stephen,HARGREAVES LANSDOWN PLC,13.700975
Larcombe,Brian,3I GROUP PLC,13.635049
Lascelles,Jeremy,CHRYSALIS PLC,12.985155
Laury,Veronique,KINGFISHER PLC,12.666869
Lawes,Robert,HIT ENTERTAINMENT,13.283551
Lawrence,Chas A,WINCANTON PLC,11.672337
Lawrie,John,MISYS PLC,14.938008
Lawson,Robert,ELECTROCOMPONENTS PLC,12.437268
Lazare,Philippe,EUROTUNNEL PLC,11.411686
Leahy,Terence,TESCO PLC,14.970485
Leaver,Carl,DE VERE GROUP,13.61963
Lecuivre,Jacky,PSION,12.833729
Lee,Simon,RSA INSURANCE GROUP PLC,14.466396
Leonard,David,BPB,12.98649
Lerenius,Bo,ASSOCIATED BRITISH PORTS HLDGS,13.545199
Lerwill,Robert,AEGIS GROUP,14.385363
Lester,Paul,VT GROUP,13.866951
Lever,Kenneth,XCHANGING PLC,13.634415
Levett,Michael,OLD MUTUAL PLC,13.596921
Levin,David,PSION,13.166176
Levin,David,UBM PLC,14.425138
Levy,Peter Lawrence,SHAFTESBURY PLC,11.824937
Lewis,Dave,TESCO PLC,14.620731
Lewis,Lawrie,ITE GROUP PLC,11.680267
Lewis,Peter,ASHTEAD GROUP PLC,12.681286
Lewis,Roger,BERKELEY GROUP HOLDINGS PLC,12.8494
Lindsay,Andrew,TELECOM PLUS,13.133878
Litherland,Simon,BRITVIC PLC,14.49053
Livingston,Ian,BT GROUP PLC,14.664941
Lloyd,Jon,COALFIELD RESOURCES PLC,12.96146
Locke,Alasdair,ABBOT GROUP,12.569881
Lockett,Simon,PREMIER OIL PLC,13.541314
Lockhead,Moir,FIRSTGROUP PLC,13.540544
Lockwood,David,LAIRD PLC,13.793077
Lomax,John,MISYS PLC,13.793925
Lomelin,Jaime,FRESNILLO PLC,13.875558
Long,Martin,GAME GROUP PLC,12.82471
Longdon,Richard,AVEVA GROUP,13.04875
Loosemore,Kevin,MICRO FOCUS INTERNATIONAL LTD,14.250659
Love,Graham,QINETIQ GROUP PLC,13.226088
Lovell,Alan,JARVIS,12.901289
Lovelock,Keith,MCCARTHY & STONE,13.542363
Lowden,David,TAYLOR NELSON SOFRES,13.363319
Ludeman,Keith,GO-AHEAD GROUP PLC,13.820661
Luksic,Antonio,ANTOFAGASTA PLC,11.847544
Luksic,Jean-Paul,ANTOFAGASTA PLC,13.734155
Lund,Mark,ST. JAMES'S PLACE PLC,13.612148
Lynch,Michael,AUTONOMY CORP PLC,12.355577
MacAskill,Angus,EMERALD ENERGY,12.792167
MacLeod,Robert,JOHNSON MATTHEY,14.258781
Mackay,Ernest,SABMILLER PLC,14.741706
Mackay,Francis Henry,COMPASS GROUP PLC,13.733624
Mackenzie,Andrew,BHP BILLITON PLC,15.040262
Magara,Ben,LONMIN PLC,13.642736
Mahon,Sean,CATTLES PLC,13.569087
Maine,Steve,KCOM GROUP,13.194463
Makin,Louise,BTG,13.738549
Maltby,John N,KENSINGTON GROUP,13.338503
Manning,Peter,COLT GROUP,14.364027
Mansfield,David,GCAP MEDIA,13.377541
Marchant,Ian,SSE,13.652537
Marks,Stephen,FRENCH CONNECTION GROUP,12.698479
Martell,Patrick,ST IVES,13.195516
Martin,Christopher,MOTHERCARE PLC,12.738954
Martin,David,ARRIVA PLC,13.28445
Martin,Ian,UNIQ,12.206073
Martin,Jim,BROWN(N.)GROUP PLC,13.240108
Martin,Timothy,WETHERSPOON(J.D.) PLC,12.644097
Marx,Michael,DEVELOPMENT SECURITIES,13.357493
Maslovskiy,Pavel,PETROPAVLOVSK,13.606779
Masojada,Bronislaw,HISCOX PLC,13.179093
Mason,Ian,ELECTROCOMPONENTS PLC,13.837805
Mason,Paul,MATALAN,11.813968
Mason,Peter,AMEC FOSTER WHEELER PLC,13.695639
Massingham,Terry,GLEESON(M.J.)GROUP,11.943273
Masters,Christopher,AGGREKO PLC,12.500513
Matheson,Jamie,BREWIN DOLPHIN HLDGS,12.716211
Mathewson,George,ROYAL BANK OF SCOTLAND GROUP PLC,13.437596
Matthews,Colin,HAYS PLC,13.637973
Matthews,Colin,SEVERN TRENT PLC,13.709947
Matthews,Trevor,FRIENDS PROVIDENT PLC,13.534083
Maudsley,Philip,FINDEL,13.503133
McAdam,James,SIGNET GROUP,12.905835
McAdam,John,IMPERIAL CHEMICAL INDUSTRIES (ICI),14.007341
McCafferty,Mark,AVIS EUROPE,13.180377
McCall,Carolyn,EASYJET PLC,14.533831
McCallum,Graeme,WILSON CONNOLLY HLDGS,11.702109
McCarthy,James,T & S STORES,12.797471
McCarthy,John Sidney,MCCARTHY & STONE,13.237803
McClay,Allen,WARNER CHILCOTT PLC,10.473205
McCollum,Mike,DIGNITY PLC,13.665798
McCulloch,David,ENODIS,13.779391
McDonough,John,CARILLION PLC,13.90868
McElroy,Ian,PSION,13.166652
McEwan,Ross,ROYAL BANK OF SCOTLAND GROUP PLC,14.418219
McFaull,Graeme,WINCANTON PLC,13.385028
McGill,Steve,JARDINE LLOYD THOMPSON GROUP PLC,13.563626
McGlone,Roy Vickers,BBA AVIATION PLC,13.400618
McGrath,John,DIAGEO PLC,13.567076
McGrath,William,AGA RANGEMASTER GROUP PLC,13.274042
McGregor-Smith,Ruby,MITIE GROUP PLC,13.66764
McKay,Francis,TRAVIS PERKINS PLC,13.180659
McKillop,Thomas,ASTRAZENECA PLC,14.547412
McKittrick,Nick,RIGHTMOVE,13.805202
McLeod,Ian,HALFORDS GROUP PLC,13.236277
McMeikan,Ken,GREGGS PLC,13.346868
McMurtry,David,RENISHAW,13.287315
McNaughton,Andrew,BALFOUR BEATTY PLC,13.808124
McPhie,Gordon,COALFIELD RESOURCES PLC,12.851554
Meakins,Ian,ALLIANCE UNICHEM,14.784719
Meakins,Ian,WOLSELEY PLC,14.236265
Mehta,Mahendra,VEDANTA RESOURCES PLC,13.056712
Meller,David,ALBERT FISHER GROUP PLC,11.911701
Mellor,Christopher John,AWG PLC,12.939682
Mendelsohn,Robert,RSA INSURANCE GROUP PLC,13.607749
Menezes,Ivan,DIAGEO PLC,15.240009
Menzies,Graham,SENIOR PLC,12.939293
Menzies,James,SALAMANDER ENERGY LTD,13.448572
Menzies-Gow,R,GEEST,12.694735
Mercer,Jim,BRITISH VITA,12.653921
Michel,Carl,HOLIDAYBREAK PLC,12.483547
Michels,David,LADBROKES PLC,13.940248
Miles,David,MEARS GROUP,13.088128
Miller,Christopher,MELROSE PLC,12.454206
Miller,Kenneth William,HUNTING,12.560323
Miller,Malcolm,PACE PLC,13.610964
Mills,Bradford,LONMIN PLC,13.462138
Milne,Alastair,WOLFSON MICROELECTRONICS,11.850855
Mitchell,Stuart,SIG PLC,12.932499
Moayedi,Paris,JARVIS,12.939322
Mogford,Steve,UNITED UTILITIES,13.72122
Moloney,Tom,EMAP,13.572977
Monro,Angus,MATALAN,13.025845
Moody,Paul,BRITVIC PLC,13.935458
Moore,Christopher,DOMINO'S PIZZA UK & IRL PLC,13.186272
Moore,Christopher Edward,TOREX,12.659113
Moore,David,ULTRAFRAME,12.593565
Morgan,John,MORGAN SINDALL,13.407462
Morgan,Lisa,GAME GROUP PLC,13.108795
Morgan,Martin,DAILY MAIL & GENERAL TRUST PLC,14.409473
Morrell,Nicholas Jeremy,LONMIN PLC,12.41975
Morris,Roy,RATHBONE BROTHERS,12.625292
Morrison,Kenneth,MORRISON(WM.)SUPERMARKETS PLC,13.051544
Mortstedt,Sten,CLS HLDGS,12.384266
Moss,Andrew,AVIVA,14.628205
Mottram,Heidi,NORTHUMBRIAN WATER GROUP PLC,11.961588
Mould,Harold,PILLAR PROPERTY,13.490577
Moyes,Christopher,GO-AHEAD GROUP PLC,12.631868
Much,Ian,DE LA RUE,13.07539
Mulcahy,Geoffrey John,KINGFISHER PLC,14.112689
Murdoch,James,BRITISH SKY BROADCASTING GROUP PLC (BSKYB),13.24147
Murphy,Bob,COBHAM PLC,14.090461
Murphy,Gerard,CARLTON COMMUNICATIONS,13.727711
Murphy,Gerard,KINGFISHER PLC,14.488963
Murray,Alan,HANSON,13.919396
Murray,Gerard,VARDY(REG),12.515078
Mursell,Haydn,KIER GROUP PLC,13.512939
Müller,Axel,SKYEPHARMA,12.281134
Napier,Iain,TAYLOR WIMPEY,14.201694
Napier,John,AEGIS GROUP,12.651026
Napier,John,KELDA GROUP,12.434111
Naylor,James P G,RESTAURANT GROUP PLC,12.048443
Nelson,Andrew,IQE,12.51644
Nelson,Richard,INTERTEK GROUP PLC,12.968843
Newton-Jones,Mark,MOTHERCARE PLC,14.219975
Nicol,David,BREWIN DOLPHIN HLDGS,12.140433
Nicol,James,TOMKINS PLC,14.264812
Nicoli,Eric Luciano,EMI GROUP,14.351065
Nicoli,Eric Luciano,UNITED BISCUITS (HOLDINGS) PLC,13.536939
Nilsson,Hans Daniel,SPECTRIS PLC,12.755042
Nish,David,STANDARD LIFE PLC,14.251349
Nixon,Simon,MONEYSUPERMARKET.COM GROUP PLC,11.888618
Noel,Robert,LAND SECURITIES GROUP PLC,14.455761
Nolan,Philip,LATTICE GROUP,12.867904
Norris,Ian Pearson,MORGAN ADVANCED MATERIALS PLC,12.637007
Norris,Michael,COMPUTACENTER,13.674052
Norris,Steven,JARVIS,12.434384
North,Richard,INTERCONTINENTAL HOTELS PLC,13.708537
Northridge,Nigel,GALLAHER GROUP,13.881571
Novachuk,Oleg,KAZ MINERALS PLC,14.224908
O'Cathain,Brian,AFREN PLC,12.65457
O'Donnell,Christopher J,SMITH & NEPHEW PLC,13.940903
O'Driscoll,Patricia,NORTHERN FOODS PLC,13.464122
O'Higgins,John,SPECTRIS PLC,13.819613
O'Neill,Brendan,IMPERIAL CHEMICAL INDUSTRIES (ICI),13.661913
O'Shea,Stephen R,HALMA PLC,12.580147
O'Sullivan,Finian,BURREN ENERGY PLC,12.421184
O'Toole,Timothy,FIRSTGROUP PLC,14.264257
Oliver,William,ST. MODWEN PROPERTIES,13.551329
Ord,Jeremy,DIMENSION DATA HOLDINGS PLC,13.284122
Ornskov,Flemming,SHIRE PLC,15.413193
Orrell-Jones,Keith,BLUE CIRCLE INDUSTRIES,12.51492
Orton,Peter,HIT ENTERTAINMENT,12.272474
Ost,Michael Stuart,COATS PLC,12.296827
Ounstead,Nicholas,TOPPS TILES,12.272276
Page,Andrew,RESTAURANT GROUP PLC,13.736952
Page,David Michael,PIZZAEXPRESS PLC,12.325216
Page,Gordon,COBHAM PLC,13.30326
Page,Ian,DECHRA PHARMACEUTICALS,12.836337
Papworth,Mark,CHEMRING GROUP PLC,13.647114
Parker,Alan,WHITBREAD PLC,13.834443
Parker,Andy,CAPITA GROUP,14.019983
Parker,Thomas,BABCOCK INTERNATIONAL GROUP,12.946354
Parker,Thomas,LATTICE GROUP,12.848321
Parrish,Andrew,SENIOR PLC,12.117895
Parton,Michael,TELENT,13.344534
Patterson,Gavin,BT GROUP PLC,14.731646
Pearce,Christopher,FITNESS FIRST,11.051927
Pearman,Mark,TOREX,12.119862
Peckham,Simon,MELROSE PLC,13.507818
Pedder,Anthony,CORUS GROUP,12.828407
Perrins,Rob,BERKELEY GROUP HOLDINGS PLC,15.00107
Perry,Jonathan,PARAGON GROUP OF COMPANIES,12.566557
Peskin,Richard,GREAT PORTLAND ESTATES,12.982337
Pessina,Stefano,ALLIANCE UNICHEM,13.173923
Petersen,Ronald J,GUINNESS PEAT GROUP,11.894654
Philipps,Charles,AMLIN PLC,13.777044
Philips,Dalton,MORRISON(WM.)SUPERMARKETS PLC,14.765952
Phillips,Howard P S,MCCARTHY & STONE,12.903763
Phillips-Davies,Alistair,SSE,14.07868
Phizackerley,John,TULLETT PREBON PLC,13.717897
Pidgley,Anthony,BERKELEY GROUP HOLDINGS PLC,15.01893
Pike,James,FOSECO PLC,13.32371
Pillard,Larry G,TATE & LYLE PLC,13.680346
Pindar,Paul,CAPITA GROUP,13.916628
Plato,Mark,TELENT,13.283538
Platt,Harry,WORKSPACE GROUP,13.154884
Plumb,Peter,MONEYSUPERMARKET.COM GROUP PLC,14.081999
Pocock,Mike,HIBU,14.119769
Polman,Paul,UNILEVER PLC,15.076749
Pomfret,Andrew,RATHBONE BROTHERS,12.881201
Ponsolle,Patrick,EUROTUNNEL PLC,12.303124
Porter,Alan,WORKSPACE GROUP,11.536272
Porter,Nicholas,UNITE GROUP PLC,13.001745
Postings,David,CATTLES PLC,13.414633
Potter,Brian,WEMBLEY,12.76791
Potter,David,PSION,11.248426
Potter,Tony,MILLENNIUM & COPTHORNE HOTELS PLC,12.876007
Poulter,John,SPECTRIS PLC,12.039192
Powell,Mark,RATHBONE BROTHERS,12.560599
Prebensen,Preben,CLOSE BROS GROUP PLC,14.196517
Prebensen,Preben,WELLINGTON UNDERWRITING,13.542915
Pretty,David,BARRATT DEVELOPMENTS PLC,13.63468
Price,David,CHEMRING GROUP PLC,13.552847
Proctor,Dennis,HUNTING,13.579217
Prosser,David,LEGAL & GENERAL GROUP PLC,13.978054
Pryce,Simon,BBA AVIATION PLC,14.180952
Pulli,Mike,PACE PLC,14.066959
Purvis,John,WYG PLC,12.250825
Pym,Richard,ALLIANCE & LEICESTER,13.965818
Quarta,Roberto,BBA AVIATION PLC,13.434566
Queen,Michael,3I GROUP PLC,14.114995
Quinn,Leo,DE LA RUE,14.121464
Quinn,Leo,QINETIQ GROUP PLC,14.27664
Rackham,Paul Anthony,WASTE RECYCLING GROUP,12.291243
Radice,Vittorio,SELFRIDGES,13.13688
Rafferty,Neil Martin,EASYNET GROUP,12.125313
Ransom,Andy,RENTOKIL INITIAL PLC,14.030931
Raymond,Jean-Louis,EUROTUNNEL PLC,11.308751
Rayne,Max,LONDON MERCHANT SECURITIES,10.418454
Rayne,Robert,LONDON MERCHANT SECURITIES,13.517456
Read,Martin,LOGICA PLC,13.618969
Redfern,Peter,TAYLOR WIMPEY,14.473924
Redfern,Peter,WIMPEY(GEORGE),13.273944
Reichmann,Paul,CANARY WHARF GROUP PLC,12.822769
Rennocks,John,NESTOR HEALTHCARE GROUP,11.975055
Richards,Robert,HAMMERSON PLC,13.401011
Rigby,Peter,INFORMA PLC,13.856142
Rigby,William,SPICE PLC,12.99226
Riley,Michael,QUINTAIN ESTATES & DEVELOPMENT,12.488761
Ringrose,Adrian,INTERSERVE PLC,13.55358
Rishton,John,ROLLS-ROYCE GROUP PLC,14.661983
Ritblat,John,BRITISH LAND CO PLC,14.012802
Ritchie,David,BOVIS HOMES GROUP,13.353356
Robert,Don,EXPERIAN PLC,15.406988
Roberts,Andrew,INNOVATION GROUP,13.540675
Roberts,John,UNITED UTILITIES,13.479826
Roberts,Julian Victor Frow,OLD MUTUAL PLC,14.24882
Roberts,Miles,DS SMITH PLC,14.534841
Roberts,Miles,MCBRIDE PLC,12.801855
Robertshaw,Mark,MORGAN ADVANCED MATERIALS PLC,13.789634
Robertson,Ian,WILSON BOWDEN,13.231093
Robins,Ralph Harry,ROLLS-ROYCE GROUP PLC,12.857363
Robinson,Ian,SCOTTISH POWER,12.878856
Robinson,Terry,ALBERT FISHER GROUP PLC,13.241594
Roddick,Anita,BODY SHOP INTERNATIONAL,11.840305
Roddick,Thomas,BODY SHOP INTERNATIONAL,11.840305
Rodrigues,Christopher,BRADFORD & BINGLEY,13.357222
Rodrigues,Christopher,INTERNATIONAL PERSONAL FINANCE PLC,12.199792
Rogers,Peter,BABCOCK INTERNATIONAL GROUP,14.023041
Rogers,Phil,EIDOS PLC,12.743151
Rogerson,Mark,SPEEDY HIRE,12.855117
Rolet,Xavier,LONDON STOCK EXCHANGE,14.684231
Rollins,Mark,SENIOR PLC,12.938847
Roman,Emmanuel,MAN GROUP,13.841708
Ronald,William,UNIQ,12.495872
Roney,Michael,BUNZL PLC,14.522361
Ronnie,Chris,JJB SPORTS,13.149012
Roper,David,MELROSE PLC,12.773999
Rose,James,TRADUS PLC,14.393922
Rose,John,ROLLS-ROYCE GROUP PLC,14.263221
Rose,Richard,BOOKER GROUP PLC,11.586569
Rose,Richard,REDDE,12.436288
Rose,Stuart,ARCADIA GROUP,14.878508
Rose,Stuart,BIG FOOD GROUP,12.153431
Rose,Stuart,MARKS & SPENCER,15.046031
Rosenfeld,Andrew,MINERVA,13.204964
Rothermere,Jonathan,DAILY MAIL & GENERAL TRUST PLC,13.850055
Rowe,David Stanley,EASYNET GROUP,13.231942
Rowley,Steve,ANITE,13.579302
Rudge,Alan,ATKINS(WS),11.506707
Russell,Angus,SHIRE PLC,14.060393
Russell,Ian Simon Macgregor,SCOTTISH POWER,13.778038
Russell,Stephen,ALLIANCE BOOTS,13.2367
Ryan,Gerard,INTERNATIONAL PERSONAL FINANCE PLC,13.89281
Sadiq,Hassan,INNOVATION GROUP,12.562858
Salisbury,David M,SCHRODERS PLC,13.412736
Salmon,Nicholas,VESUVIUS PLC,13.997519
Salsbury,Peter,MARKS & SPENCER,13.398287
Salway,Francis,LAND SECURITIES GROUP PLC,13.853848
Sanderson,Bryan,STANDARD CHARTERED PLC,13.60138
Sandler,Ronald,COMPUTACENTER,13.023639
Sands,Peter,STANDARD CHARTERED PLC,14.918073
Sandy,Nigel D A,WASTE RECYCLING GROUP,12.569828
Sarin,Arun,VODAFONE GROUP PLC,14.938502
Satchell,Keith,FRIENDS PROVIDENT PLC,13.24905
Saunders,Peter,BODY SHOP INTERNATIONAL,13.50448
Saxby,Robin Keith,ARM HLDGS PLC,12.245763
Sayers,Ross E,INNOGY HOLDINGS,12.82069
Scardino,Marjorie,PEARSON,14.876694
Scarisbrick,John,CSR PLC,13.665454
Scaroni,Paolo,PILKINGTON,13.41906
Schofield,Robert,PREMIER FOODS PLC,14.287146
Schultz,Regis,DARTY,11.846704
Scott,Philip,SOUTHERN CROSS HEALTHCARE GROUP PLC,12.723765
Scott,Robert,AVIVA,13.444594
Scott-Barrett,Hugh,CAPITAL & REGIONAL,13.228604
Scott-Maxwell,Jon Peter,DELTA,12.893764
Sedgwick,Ian,SCHRODERS PLC,13.806387
Segars,Simon,ARM HLDGS PLC,13.794086
Selvey,Anthony,TAYLOR & FRANCIS GROUP,12.045351
Selway,Mark,IMI PLC,14.23229
Selway,Mark,WEIR GROUP,13.805796
Shahenshah,Osman,AFREN PLC,14.174542
Shapland,Darren,CARPETRIGHT PLC,12.97779
Sharma,Rakesh,ULTRA ELECTRONICS HLDGS PLC,13.35105
Sharp,Michael,DEBENHAMS (NEW),13.717628
Sharpe,Duncan James,JJB SPORTS,12.595333
Shearer,Anthony,SINGER & FRIEDLANDER GROUP,12.624166
Sheffield,Michael,KIER GROUP PLC,13.285525
Shepherd,Ian,GAME GROUP PLC,13.358345
Shingles,Godfrey,IMAGINATION TECHNOLOGIES GROUP PLC,11.457441
Shirrefs,Richard,EUROTUNNEL PLC,12.497869
Shrigley,David,WOLFSON MICROELECTRONICS,13.160245
Siddle,Roger,FINDEL,13.360227
Simms,Neville,CARILLION PLC,12.417749
Simons,David,SOMERFIELD,13.210836
Sinclair,Charles,DAILY MAIL & GENERAL TRUST PLC,13.669931
Singer,Adam,TELEWEST COMMUNICATIONS,13.893175
Sittard,Johannes,EURASIAN NATURAL RESOURCES CORP PLC,14.17719
Sjoberg,Per,CLS HLDGS,12.534486
Slade,Michael Eric,HELICAL BAR PLC,14.129373
Sleath,David,SEGRO PLC,14.245622
Smith,Alan,MOTHERCARE PLC,12.751866
Smith,Alan,SOMERFIELD,12.933103
Smith,Colin,SAFEWAY PLC,13.200878
Smith,David,INFORMA PLC,12.36165
Smith,David,TAYLOR & FRANCIS GROUP,13.119307
Smith,Kevin,GKN PLC,13.792207
Smith,Michael,RANK GROUP,13.710497
Smith,Nigel,CHARTER,12.792225
Smith,Paul,MORGAN SINDALL,13.767504
Smith,Stephen,NORTHGATE,12.879849
Smith,Terence,TULLETT PREBON PLC,15.160733
Smith,Tim J,ARLA FOODS UK PLC,12.582986
Snow,Alex,EVOLUTION GROUP,14.387511
Soames,Rupert,AGGREKO PLC,14.025308
Soames,Rupert,SERCO GROUP PLC,14.590773
Solomons,Anthony,SINGER & FRIEDLANDER GROUP,12.128111
Solomons,Richard,INTERCONTINENTAL HOTELS PLC,14.704559
Soriot,Pascal,ASTRAZENECA PLC,15.142904
Sorrell,Martin,WPP GROUP,15.663438
Souter,Brian,STAGECOACH GROUP PLC,13.655894
Southgate,Colin Grieve,EMI GROUP,13.001789
Southwell,Robin Simon,ATKINS(WS),11.862264
Spencer,Michael,ICAP,15.126482
Spencer,Paul,GOSHAWK INSURANCE HLDGS,11.153692
Spindler,Angela,BROWN(N.)GROUP PLC,14.115425
Spindler,Garold,COALFIELD RESOURCES PLC,12.990599
Stacey,Michael,MEGGITT,12.172147
Stahel,Rolf,SHIRE PLC,13.61049
Staples,Brian,AMEY,13.710712
Steel,Marcus,SPIRAX-SARCO ENGINEERING PLC,12.846104
Steer,Brian,GYRUS GROUP,12.793427
Steeves,Richard,SYNERGY HEALTH PLC,13.564953
Stein,Nigel,GKN PLC,14.353141
Steinberg,Leonard,STANLEY LEISURE,12.350388
Steinbrecher,John M,GAME GROUP PLC,12.841751
Sterling of Plaistow,,PENINSULAR & ORIENTAL STEAM NAVIGATION CO,13.229353
Stevens,Andrew,COBHAM PLC,13.856698
Stevenson,Barry,GUINNESS PEAT GROUP,11.700119
Stevenson of Coddenham,Henry,PEARSON,12.587345
Stewart,Alexander,NORTHERN FOODS PLC,12.998984
Stewart,Brian,SCOTTISH & NEWCASTLE PLC,13.323812
Stewart,Ian,MITIE GROUP PLC,12.52776
Stitzer,Todd,CADBURY PLC,14.155169
Stone,Chris Michael Renwick,NORTHGATE INFORMATION SOLUTIONS,13.782166
Stone,Stephen,CREST NICHOLSON,13.012791
Story,Edward,SOCO INTERNATIONAL PLC,13.741454
Stott,Robert,MORRISON(WM.)SUPERMARKETS PLC,12.911795
Stratford,Harry,PROSTRAKAN GROUP PLC,12.642242
Stuart,James,ASSOCIATED BRITISH PORTS HLDGS,11.9517
Sugden,David,FINDEL,11.853807
Sukawaty,Andrew,INMARSAT GROUP PLC,14.399943
Sunderland,John,CADBURY PLC,14.269191
Sunnucks,Stephen,NEW LOOK GROUP,
Sutcliffe,James,OLD MUTUAL PLC,14.020964
Sutherland,Martin,DE LA RUE,12.878954
Swann,Kate,WH SMITH PLC,14.515048
Swithenbank,Thomas,ARICOM PLC,11.987551
Symons,Michael John,REDDE,12.252372
Talwar,Gurvirendra Singh,STANDARD CHARTERED PLC,13.788594
Taylor,Andrew,INTEC TELECOM SYSTEMS,13.457097
Taylor,Dominic,PAYPOINT PLC,13.468798
Taylor,John,GWR GROUP,12.929641
Taylor,Russell,ITE GROUP PLC,13.270969
Telling,David Malcolm,MITIE GROUP PLC,12.544853
Temmen,Holger,ABBOT GROUP,12.913334
Templeman,Robert,DEBENHAMS (NEW),13.754272
Terrington,Nigel,PARAGON GROUP OF COMPANIES,13.748802
Terry,Robert Simon,INNOVATION GROUP,12.445259
Thiam,Tidjane,PRUDENTIAL PLC,14.918432
Thomas,Andrew,DE VERE GROUP,12.239399
Thomas,David,MELROSE RESOURCES PLC,13.382703
Thomas,David,WHITBREAD PLC,13.546525
Thomas,Stephen,LUMINAR GROUP HLDGS PLC,13.007729
Thompson,Clive,RENTOKIL INITIAL PLC,14.256143
Thompson,David,MARSTON'S PLC,12.416693
Thomson,Simon,CAIRN ENERGY PLC,14.267923
Thomson,Thomas,CLS HLDGS,12.698022
Thorley,Giles,PUNCH TAVERNS,13.945252
Thorne,Anthony,DS SMITH PLC,13.494208
Threlfall,Kevin Patrick,T & S STORES,12.639299
Tice,Richard,CLS HLDGS,12.621538
Tobin,Michael,TELECITY GROUP PLC,13.895659
Tom,Peter,AGGREGATE INDUSTRIES,13.800167
Tomkins,Ian,ITE GROUP PLC,13.173312
Topping,Ralph,WILLIAM HILL PLC,14.178651
Totten,Joseph,PROSTRAKAN GROUP PLC,13.641978
Townsend,Simon,ENTERPRISE INNS,13.796701
Trahar,Antony,ANGLO AMERICAN,14.215176
Travis,Ernest,TRAVIS PERKINS PLC,11.853805
Tucker,Mark,PRUDENTIAL PLC,14.113486
Tuppen,Graham,ENTERPRISE INNS,13.696901
Turner,David,BRAMBLES INDUSTRIES PLC,14.417827
Turner,Mike,BAE SYSTEMS PLC,14.2882
Tutte,John,WILSON CONNOLLY HLDGS,12.804614
Twigger,Terry,MEGGITT,13.85359
Tyler,Ian,BALFOUR BEATTY PLC,13.460326
Urwin,Roger,NATIONAL GRID,13.665787
Vallance,Iain,BT GROUP PLC,12.545631
Van De Walle,Leslie,REXAM PLC,14.302203
Van De Walle,Leslie,UNITED BISCUITS (HOLDINGS) PLC,12.721886
Vandevelde,Luc,MARKS & SPENCER,13.690233
Vardy,Peter,VARDY(REG),12.154055
Varin,Phillipe,CORUS GROUP,13.865898
Varley,John,BARCLAYS PLC,14.643859
Varney,David,BG GROUP PLC,13.241693
Varney,David,O2,13.678916
Vaughan,Patrick,PILLAR PROPERTY,13.491398
Vecchioli,Frederic,SAFESTORE HLDGS PLC,12.841365
Ventress,Peter J,BERENDSEN PLC,14.078582
Vernon,Mark,SPIRAX-SARCO ENGINEERING PLC,13.073771
Verwaayen,Ben,BT GROUP PLC,14.606625
Vetch,Nicholas,BIG YELLOW GROUP PLC,12.820346
Villers,Rupert C C,NOVAE GROUP,12.833185
Voser,Peter,ROYAL DUTCH SHELL PLC,14.817022
Voyle,Gareth J,GEEST,12.382854
Vulis,Felix,EURASIAN NATURAL RESOURCES CORP PLC,14.875231
Wagstaff,Michael,VENTURE PRODUCTION PLC,12.866925
Walden,John,HOME RETAIL GROUP PLC,14.334376
Waldron,Graham,HEADLAM GROUP,11.392962
Walker,Alexander,SYNTHOMER,13.168077
Walker,Malcolm,BIG FOOD GROUP,13.596115
Walker,Paul,SAGE GROUP PLC,14.093011
Walker,Robert,SEVERN TRENT PLC,13.237528
Walker,Stuart Richmond,RMC GROUP,13.58603
Walker,Tom,GUINNESS PEAT GROUP,10.571317
Wallis,Edmund Arthur,POWERGEN,13.739611
Wallwork,Paul,GLEESON(M.J.)GROUP,12.825371
Walsh,Paul,DIAGEO PLC,15.080407
Walsh,Sam,RIO TINTO,15.242893
Walsh,Wilf,CARPETRIGHT PLC,
Walsh,William,BRITISH AIRWAYS PLC,13.895329
Wanecq,Francois,VESUVIUS PLC,14.127054
Ward,Martin,REDDE,13.058257
Warshaw,Stephen,ITE GROUP PLC,10.686752
Watson,John,BELLWAY PLC,13.583277
Watts,Garry,SSL INTERNATIONAL PLC,13.641144
Waxman,Denis R,HAYS PLC,13.244862
Webster,David,SAFEWAY PLC,13.828193
Webster,Raymond,EASYJET PLC,13.251727
Weinberg,Mark,ST. JAMES'S PLACE PLC,12.192606
Welman,Jo,BRIT INSURANCE HOLDINGS PLC,11.868156
Welsh,Christopher Kentigern,WASTE RECYCLING GROUP,10.985292
Welton,Michael,BALFOUR BEATTY PLC,13.351954
Weston,Garfield,ASSOCIATED BRITISH FOODS PLC,12.56267
Weston,George,ASSOCIATED BRITISH FOODS PLC,13.608944
Weston,John,BAE SYSTEMS PLC,13.115849
Wharton,Nick,DUNELM GROUP PLC,13.840273
Wheeler,John,IG GROUP,11.127263
Wheeler,Timothy,BRIXTON PLC,13.84229
Whelan,David,JJB SPORTS,12.619987
Whiston,Timothy,ISOFT GROUP,13.259722
White,Alan,BROWN(N.)GROUP PLC,13.461516
White,John,PERSIMMON PLC,13.969876
White,Philip,NATIONAL EXPRESS GROUP PLC,13.739226
White,Richard,SERCO GROUP PLC,13.022233
White,Roger,BARR(A.G.),13.109587
Whitehead,G,MCALPINE(ALFRED),13.005538
Whiteley,William,ROTORK PLC,12.690861
Whiteman,Kevin,KELDA GROUP,12.89152
Whiteside,Roger,GREGGS PLC,11.893917
Whiteside,Roger,PUNCH TAVERNS,13.289404
Whitfield,Adrian,SYNTHOMER,13.64454
Whitson,Keith R,HSBC HLDGS,14.025991
Whitty,Brian,HOMESERVE PLC,13.241846
Wickham,David,ENERGIS,14.176298
Widlund,Fredrik,CLS HLDGS,12.745485
Wigoder,Charles,TELECOM PLUS,12.45919
Wild,David,DOMINO'S PIZZA UK & IRL PLC,14.309672
Wild,David,HALFORDS GROUP PLC,13.489082
Wilde,James C F,RENTOKIL INITIAL PLC,13.428926
Williams,Andrew,HALMA PLC,13.587642
Williams,David,SIG PLC,12.998491
Williams,David W,ENODIS,12.682649
Williams,Edmund,RIGHTMOVE,13.548302
Williams,John,DS SMITH PLC,13.04012
Williams,Matthew,TOPPS TILES,12.901341
Williams,Peter,SELFRIDGES,12.55872
Williams,Stephen,SAFESTORE HLDGS PLC,13.072702
Williams,Stuart K M,TOPPS TILES,11.785259
Willis,Hugh,BLUEBAY ASSET MANAGEMENT PLC,14.143343
Wilson,Anthony,AGA RANGEMASTER GROUP PLC,12.663177
Wilson,Charles,BOOKER GROUP PLC,13.183996
Wilson,David,WILSON BOWDEN,13.674795
Wilson,Derek,SEGRO PLC,12.95134
Wilson,John,MILLENNIUM & COPTHORNE HOTELS PLC,13.17437
Wilson,Lynn Anthony,WILSON CONNOLLY HLDGS,11.624496
Wilson,Mark,AVIVA,14.906014
Wilson,Michael,ST. JAMES'S PLACE PLC,13.520458
Wilson,Nigel,LEGAL & GENERAL GROUP PLC,14.524724
Wilson,Robert,RIO TINTO,14.166477
Windeler,John,ALLIANCE & LEICESTER,13.183086
Wiper,Robert,STANLEY LEISURE,12.507384
Wiseman,Alan,ROBERT WISEMAN DAIRIES,12.892236
Wiseman,Robert,ROBERT WISEMAN DAIRIES,13.335653
Witty,Andrew,GLAXOSMITHKLINE PLC,15.453373
Wolfson of Aspley Guise,Simon,NEXT,13.93074
Wong,Hong Ren,MILLENNIUM & COPTHORNE HOTELS PLC,13.472298
Wood,Ian Clark,WOOD GROUP (JOHN) PLC,12.790289
Wood,Richard,GENUS PLC,13.007877
Woods,Robert B,PENINSULAR & ORIENTAL STEAM NAVIGATION CO,13.023828
Woodward,Rob,STV GROUP PLC,13.218718
Wray,Anthony,SEVERN TRENT PLC,13.159376
Wright,Chris,CHRYSALIS PLC,13.079673
Wyatt,Adrian,QUINTAIN ESTATES & DEVELOPMENT,13.459997
Wyatt,William,CALEDONIA INVESTMENTS,13.399792
Yassaie,Hossein,IMAGINATION TECHNOLOGIES GROUP PLC,12.752097
Yates,Roger Philip,HENDERSON GROUP PLC,13.908971
Yea,Philip,3I GROUP PLC,14.649517
Young,John,WOLSELEY PLC,12.942101
Young,Margaret,CATTLES PLC,13.079456
Young,Peter,RMC GROUP,12.795216
Young,Stephen,MEGGITT,14.265341
Yurko,Allen,INVENSYS PLC,13.970263
Zaleski,Mark,TRADUS PLC,12.522804
de Blocq van Kuffeler,John,PROVIDENT FINANCIAL PLC,12.438449
le Roux,Nathaniel,IG GROUP,12.513747
van Beurden,Ben,ROYAL DUTCH SHELL PLC,15.243661
van der Veer,Jeroen,ROYAL DUTCH SHELL PLC,13.985311
von Spreckelsen,John,SOMERFIELD,13.248185
